응답자 ID,train 선호,train 비선호,valid 선호,valid 비선호
58049,,T_00253_60_popart_W.jpg,,T_00253_60_popart_W.jpg
62192,,T_00253_60_popart_W.jpg,,T_00253_60_popart_W.jpg
64213,,T_00253_60_popart_W.jpg,,T_00253_60_popart_W.jpg
66592,"T_00253_60_popart_W.jpg, T_00893_90_hiphop_W.jpg, T_02820_10_sportivecasual_W.jpg, T_04310_19_normcore_W.jpg, T_04656_19_genderless_W.jpg, T_05224_19_normcore_W.jpg, T_05759_19_lounge_W.jpg, T_06320_19_normcore_W.jpg, T_07897_00_cityglam_W.jpg, T_09415_10_sportivecasual_W.jpg, T_09717_19_genderless_W.jpg, W_02343_60_space_W.jpg, W_10028_50_classic_W.jpg, W_22931_70_punk_W.jpg, W_42363_10_sportivecasual_W.jpg, W_43047_70_military_W.jpg, W_44918_60_minimal_W.jpg, W_46907_80_powersuit_W.jpg, W_53113_00_cityglam_W.jpg, W_53133_90_hiphop_W.jpg, W_53583_90_hiphop_W.jpg, W_53861_90_kitsch_W.jpg, W_64079_80_powersuit_W.jpg","T_07452_50_classic_W.jpg, W_02170_50_feminine_W.jpg, W_04029_50_feminine_W.jpg, W_05140_50_feminine_W.jpg, W_07415_50_feminine_W.jpg, W_09539_60_minimal_W.jpg, W_19352_50_feminine_W.jpg, W_19836_50_feminine_W.jpg, W_20883_70_disco_W.jpg, W_34352_10_sportivecasual_W.jpg, W_34436_60_space_W.jpg, W_41924_70_punk_W.jpg, W_43038_70_punk_W.jpg, W_47960_60_popart_W.jpg, W_51690_80_powersuit_W.jpg, W_52731_90_kitsch_W.jpg, W_52969_00_ecology_W.jpg, W_54604_80_powersuit_W.jpg, W_55047_00_oriental_W.jpg, W_55797_00_ecology_W.jpg, W_56627_80_powersuit_W.jpg, W_56834_90_lingerie_W.jpg, W_64036_10_athleisure_W.jpg","T_00253_60_popart_W.jpg, W_10028_50_classic_W.jpg, W_44918_60_minimal_W.jpg, W_46907_80_powersuit_W.jpg","W_02170_50_feminine_W.jpg, W_19352_50_feminine_W.jpg, W_22056_70_hippie_W.jpg, W_34436_60_space_W.jpg, W_35400_80_powersuit_W.jpg"
66721,W_05960_70_hippie_W.jpg,T_00253_60_popart_W.jpg,,T_00253_60_popart_W.jpg
66469,"T_00456_10_sportivecasual_M.jpg, T_00588_10_sportivecasual_M.jpg, T_01322_19_normcore_M.jpg, T_01883_10_sportivecasual_M.jpg, T_02527_10_sportivecasual_M.jpg, T_02558_19_normcore_M.jpg, T_03772_90_hiphop_M.jpg, T_03876_90_hiphop_M.jpg, W_00486_60_mods_M.jpg, W_06532_60_mods_M.jpg, W_06657_60_mods_M.jpg, W_10810_60_mods_M.jpg, W_12517_70_hippie_M.jpg, W_51180_00_metrosexual_M.jpg, W_51186_50_ivy_M.jpg, W_51362_50_ivy_M.jpg, W_51577_50_ivy_M.jpg, W_52231_50_ivy_M.jpg, W_53446_80_bold_M.jpg, W_55820_90_hiphop_M.jpg, W_56363_10_sportivecasual_M.jpg, W_58066_80_bold_M.jpg, W_58816_00_metrosexual_M.jpg, W_59268_70_hippie_M.jpg, W_63686_10_sportivecasual_M.jpg, W_66161_80_bold_M.jpg","T_02958_19_normcore_M.jpg, T_06076_60_mods_M.jpg, T_07605_00_metrosexual_M.jpg, W_07277_60_mods_M.jpg, W_15861_60_mods_M.jpg, W_24630_19_normcore_M.jpg, W_24914_70_hippie_M.jpg, W_28177_70_hippie_M.jpg, W_51757_50_ivy_M.jpg, W_52198_19_normcore_M.jpg, W_53078_19_normcore_M.jpg, W_55375_90_hiphop_M.jpg, W_55609_90_hiphop_M.jpg, W_55616_80_bold_M.jpg, W_57318_80_bold_M.jpg, W_59490_00_metrosexual_M.jpg","T_00456_10_sportivecasual_M.jpg, T_01123_90_hiphop_M.jpg, T_01514_50_ivy_M.jpg, T_07990_60_mods_M.jpg, W_12517_70_hippie_M.jpg, W_51577_50_ivy_M.jpg, W_52231_50_ivy_M.jpg, W_52417_00_metrosexual_M.jpg, W_53446_80_bold_M.jpg, W_53808_80_bold_M.jpg","W_24553_70_hippie_M.jpg, W_24647_70_hippie_M.jpg, W_58887_00_metrosexual_M.jpg"
68729,T_00456_10_sportivecasual_M.jpg,,T_00456_10_sportivecasual_M.jpg,
66553,W_25518_60_mods_M.jpg,"T_00588_10_sportivecasual_M.jpg, T_03772_90_hiphop_M.jpg, W_10092_60_mods_M.jpg",,W_16104_60_mods_M.jpg
28695,T_00770_60_minimal_W.jpg,,,
66731,"T_00770_60_minimal_W.jpg, T_06185_10_sportivecasual_W.jpg, T_08259_19_normcore_W.jpg, T_10028_10_sportivecasual_W.jpg, T_10713_19_normcore_W.jpg, T_14085_19_genderless_W.jpg, T_14441_19_normcore_W.jpg, W_01088_70_military_W.jpg, W_04137_60_minimal_W.jpg, W_04781_50_feminine_W.jpg, W_07384_50_feminine_W.jpg, W_67492_19_lounge_W.jpg","T_07471_80_bodyconscious_W.jpg, T_11421_00_cityglam_W.jpg, T_11540_90_lingerie_W.jpg, T_11672_00_ecology_W.jpg, T_13709_90_hiphop_W.jpg, T_14071_19_lounge_W.jpg, W_00629_50_feminine_W.jpg, W_02393_50_feminine_W.jpg, W_03270_50_feminine_W.jpg, W_04852_50_feminine_W.jpg, W_08670_50_classic_W.jpg, W_10279_60_minimal_W.jpg, W_14581_50_feminine_W.jpg, W_29733_10_sportivecasual_W.jpg, W_33100_70_punk_W.jpg, W_33901_90_kitsch_W.jpg, W_35100_10_sportivecasual_W.jpg, W_36393_70_hippie_W.jpg, W_36543_10_sportivecasual_W.jpg, W_37014_60_minimal_W.jpg, W_37778_80_powersuit_W.jpg, W_39065_60_minimal_W.jpg, W_39812_90_kitsch_W.jpg, W_40003_10_sportivecasual_W.jpg, W_40668_70_punk_W.jpg, W_42674_60_minimal_W.jpg, W_47122_80_powersuit_W.jpg, W_48436_70_punk_W.jpg, W_53194_00_ecology_W.jpg, W_54042_00_cityglam_W.jpg, W_55996_90_lingerie_W.jpg, W_61293_00_cityglam_W.jpg, W_61340_80_bodyconscious_W.jpg, W_62634_80_powersuit_W.jpg, W_64332_80_powersuit_W.jpg, W_67040_00_oriental_W.jpg",,"W_22783_70_hippie_W.jpg, W_29733_10_sportivecasual_W.jpg, W_33901_90_kitsch_W.jpg, W_37014_60_minimal_W.jpg, W_39812_90_kitsch_W.jpg, W_47122_80_powersuit_W.jpg, W_64332_80_powersuit_W.jpg"
66890,"T_00770_60_minimal_W.jpg, W_40322_60_space_W.jpg",W_07648_70_hippie_W.jpg,,
67010,W_02247_50_classic_W.jpg,T_00770_60_minimal_W.jpg,,
34909,"T_00893_90_hiphop_W.jpg, W_13511_50_feminine_W.jpg",,,
68743,,T_01883_10_sportivecasual_M.jpg,,
68747,T_02527_10_sportivecasual_M.jpg,,,
52925,T_02820_10_sportivecasual_W.jpg,,,
66606,T_02820_10_sportivecasual_W.jpg,,,
30561,,"T_03772_90_hiphop_M.jpg, W_24746_60_mods_M.jpg",,
66691,"T_03876_90_hiphop_M.jpg, W_52231_50_ivy_M.jpg","W_10058_60_mods_M.jpg, W_15692_60_mods_M.jpg, W_15795_70_hippie_M.jpg",W_52231_50_ivy_M.jpg,
67018,T_03876_90_hiphop_M.jpg,W_10816_60_mods_M.jpg,,
66513,"T_05088_19_normcore_W.jpg, T_07416_19_lounge_W.jpg, W_02244_60_space_W.jpg, W_13734_50_feminine_W.jpg, W_14828_50_classic_W.jpg, W_14940_60_minimal_W.jpg, W_19031_50_classic_W.jpg, W_35544_60_minimal_W.jpg, W_36856_60_minimal_W.jpg, W_40361_90_kitsch_W.jpg, W_44554_90_grunge_W.jpg, W_50265_19_normcore_W.jpg, W_60484_10_sportivecasual_W.jpg, W_60789_90_lingerie_W.jpg, W_63984_80_powersuit_W.jpg, W_64791_90_hiphop_W.jpg, W_67405_19_normcore_W.jpg","T_08306_10_sportivecasual_W.jpg, T_08918_19_normcore_W.jpg, T_09557_00_ecology_W.jpg, T_09905_10_athleisure_W.jpg, W_03086_60_minimal_W.jpg, W_10984_50_feminine_W.jpg, W_21162_60_minimal_W.jpg, W_21565_70_disco_W.jpg, W_22368_70_disco_W.jpg, W_34173_19_normcore_W.jpg, W_37404_60_space_W.jpg, W_38863_60_minimal_W.jpg, W_39793_80_powersuit_W.jpg, W_40860_70_punk_W.jpg, W_42722_80_powersuit_W.jpg, W_43040_70_punk_W.jpg, W_45743_70_punk_W.jpg, W_47643_80_powersuit_W.jpg, W_50288_10_sportivecasual_W.jpg, W_53112_90_lingerie_W.jpg, W_56037_00_oriental_W.jpg, W_56334_10_sportivecasual_W.jpg, W_60553_00_cityglam_W.jpg, W_61163_80_powersuit_W.jpg, W_61279_00_ecology_W.jpg, W_61887_80_powersuit_W.jpg, W_66723_00_ecology_W.jpg, W_66976_00_ecology_W.jpg, W_67337_90_grunge_W.jpg, W_68199_10_sportivecasual_W.jpg",W_14828_50_classic_W.jpg,"T_06910_50_classic_W.jpg, W_10984_50_feminine_W.jpg, W_14914_50_feminine_W.jpg, W_37404_60_space_W.jpg, W_39793_80_powersuit_W.jpg, W_44520_70_punk_W.jpg, W_53112_90_lingerie_W.jpg, W_56334_10_sportivecasual_W.jpg, W_60553_00_cityglam_W.jpg"
66666,W_24325_60_mods_M.jpg,"T_06076_60_mods_M.jpg, W_15651_70_hippie_M.jpg",,
49878,"T_06185_10_sportivecasual_W.jpg, W_10952_60_minimal_W.jpg",,,
66360,"T_06185_10_sportivecasual_W.jpg, W_03699_50_classic_W.jpg",,,
62798,T_07452_50_classic_W.jpg,W_18707_60_space_W.jpg,,
67503,,T_07452_50_classic_W.jpg,,
67660,,T_07452_50_classic_W.jpg,,
58246,,T_07471_80_bodyconscious_W.jpg,,
67629,,T_07471_80_bodyconscious_W.jpg,,
6237,T_07605_00_metrosexual_M.jpg,W_15568_70_hippie_M.jpg,,
67889,T_07605_00_metrosexual_M.jpg,,,
66506,T_07897_00_cityglam_W.jpg,W_00329_60_popart_W.jpg,,
58251,"T_08242_10_sportivecasual_W.jpg, T_08663_19_normcore_W.jpg, T_13118_19_genderless_W.jpg, T_13344_10_sportivecasual_W.jpg, T_14538_00_cityglam_W.jpg, T_14733_19_lounge_W.jpg, W_01166_10_sportivecasual_W.jpg, W_01259_90_lingerie_W.jpg, W_03992_70_punk_W.jpg, W_04854_50_feminine_W.jpg, W_04996_90_kitsch_W.jpg, W_05538_19_normcore_W.jpg, W_07613_50_feminine_W.jpg, W_07992_50_classic_W.jpg, W_10337_50_feminine_W.jpg, W_15018_19_normcore_W.jpg, W_18471_50_classic_W.jpg, W_19839_50_feminine_W.jpg, W_62457_80_powersuit_W.jpg","T_11058_90_lingerie_W.jpg, T_12089_80_powersuit_W.jpg, W_02060_10_athleisure_W.jpg, W_02293_19_normcore_W.jpg, W_02342_70_disco_W.jpg, W_03112_80_bodyconscious_W.jpg, W_03504_60_popart_W.jpg, W_03588_60_popart_W.jpg, W_08886_10_athleisure_W.jpg, W_09551_00_cityglam_W.jpg, W_13086_80_powersuit_W.jpg, W_13854_70_punk_W.jpg, W_13952_80_bodyconscious_W.jpg, W_18119_70_disco_W.jpg, W_19145_70_hippie_W.jpg, W_19475_90_grunge_W.jpg, W_20595_90_kitsch_W.jpg, W_23512_60_minimal_W.jpg, W_34247_70_hippie_W.jpg, W_40177_60_popart_W.jpg, W_41421_60_space_W.jpg, W_59783_00_ecology_W.jpg, W_61471_90_lingerie_W.jpg, W_63956_80_powersuit_W.jpg, W_64047_10_sportivecasual_W.jpg, W_66865_00_cityglam_W.jpg","T_14538_00_cityglam_W.jpg, W_00716_60_minimal_W.jpg, W_03992_70_punk_W.jpg, W_04854_50_feminine_W.jpg, W_14785_00_cityglam_W.jpg, W_19520_50_feminine_W.jpg","W_04101_19_lounge_W.jpg, W_08886_10_athleisure_W.jpg, W_09551_00_cityglam_W.jpg, W_64047_10_sportivecasual_W.jpg"
66756,,T_08242_10_sportivecasual_W.jpg,,
62257,T_08306_10_sportivecasual_W.jpg,W_18610_50_feminine_W.jpg,,
66533,T_08306_10_sportivecasual_W.jpg,,,
66526,T_09415_10_sportivecasual_W.jpg,,,
43083,T_09557_00_ecology_W.jpg,,,
23372,W_09460_50_feminine_W.jpg,"T_09905_10_athleisure_W.jpg, W_18205_50_feminine_W.jpg",,W_18205_50_feminine_W.jpg
66782,,"T_09905_10_athleisure_W.jpg, W_14866_50_classic_W.jpg, W_62690_00_oriental_W.jpg",,
19009,,T_10028_10_sportivecasual_W.jpg,W_13277_50_classic_W.jpg,
50180,W_61790_10_sportivecasual_W.jpg,"T_11058_90_lingerie_W.jpg, W_13469_70_punk_W.jpg",W_61790_10_sportivecasual_W.jpg,
65948,,T_11421_00_cityglam_W.jpg,,
66865,,T_11540_90_lingerie_W.jpg,,
63959,W_10282_60_popart_W.jpg,T_11672_00_ecology_W.jpg,W_19520_50_feminine_W.jpg,
11692,,"T_12089_80_powersuit_W.jpg, W_23512_60_minimal_W.jpg",,
65456,W_40202_60_popart_W.jpg,T_12089_80_powersuit_W.jpg,W_18391_50_classic_W.jpg,
67645,T_13344_10_sportivecasual_W.jpg,,,
66578,W_18601_50_feminine_W.jpg,"T_13709_90_hiphop_W.jpg, W_11269_60_popart_W.jpg",,
48094,T_14538_00_cityglam_W.jpg,W_09479_70_hippie_W.jpg,T_14538_00_cityglam_W.jpg,W_09479_70_hippie_W.jpg
67975,"T_17797_19_normcore_M.jpg, T_17798_19_normcore_M.jpg, T_17799_19_normcore_M.jpg, T_17800_19_normcore_M.jpg, T_17801_19_normcore_M.jpg, T_21987_70_hippie_M.jpg, W_06922_00_metrosexual_M.jpg, W_07074_00_metrosexual_M.jpg, W_07095_00_metrosexual_M.jpg, W_17738_80_bold_M.jpg, W_26968_90_hiphop_M.jpg, W_52583_50_ivy_M.jpg, W_60183_10_sportivecasual_M.jpg, W_60188_10_sportivecasual_M.jpg, W_60191_10_sportivecasual_M.jpg, W_71933_60_mods_M.jpg, W_71934_60_mods_M.jpg, W_71935_60_mods_M.jpg, W_71936_60_mods_M.jpg","T_17802_19_normcore_M.jpg, T_21986_70_hippie_M.jpg, T_21990_70_hippie_M.jpg, T_21991_70_hippie_M.jpg, T_21992_70_hippie_M.jpg, W_06915_00_metrosexual_M.jpg, W_06920_00_metrosexual_M.jpg, W_17741_80_bold_M.jpg, W_17746_80_bold_M.jpg, W_17747_80_bold_M.jpg, W_17754_80_bold_M.jpg, W_26963_90_hiphop_M.jpg, W_26965_90_hiphop_M.jpg, W_26967_90_hiphop_M.jpg, W_26992_90_hiphop_M.jpg, W_27004_90_hiphop_M.jpg, W_52526_50_ivy_M.jpg, W_52548_50_ivy_M.jpg, W_52586_50_ivy_M.jpg, W_60210_10_sportivecasual_M.jpg, W_60214_10_sportivecasual_M.jpg, W_71920_60_mods_M.jpg, W_71921_60_mods_M.jpg, W_71922_60_mods_M.jpg, W_71923_60_mods_M.jpg","T_21988_70_hippie_M.jpg, W_07074_00_metrosexual_M.jpg, W_17738_80_bold_M.jpg, W_52578_50_ivy_M.jpg","T_21986_70_hippie_M.jpg, T_21992_70_hippie_M.jpg, W_06985_00_metrosexual_M.jpg, W_17742_80_bold_M.jpg, W_17747_80_bold_M.jpg, W_26965_90_hiphop_M.jpg, W_52521_50_ivy_M.jpg, W_60184_10_sportivecasual_M.jpg"
2072,T_21987_70_hippie_M.jpg,"T_21986_70_hippie_M.jpg, W_15426_80_bold_M.jpg, W_15439_80_bold_M.jpg, W_15474_80_bold_M.jpg",T_21988_70_hippie_M.jpg,"T_21986_70_hippie_M.jpg, W_15381_80_bold_M.jpg"
13142,T_21987_70_hippie_M.jpg,T_21986_70_hippie_M.jpg,,"T_21986_70_hippie_M.jpg, T_21988_70_hippie_M.jpg, W_12342_80_bold_M.jpg, W_12518_90_hiphop_M.jpg"
17441,,"T_21986_70_hippie_M.jpg, T_21987_70_hippie_M.jpg, W_16066_80_bold_M.jpg, W_25020_90_hiphop_M.jpg","T_21988_70_hippie_M.jpg, W_16067_80_bold_M.jpg","T_21986_70_hippie_M.jpg, W_25020_90_hiphop_M.jpg"
67794,"T_21986_70_hippie_M.jpg, T_21987_70_hippie_M.jpg, W_06979_90_hiphop_M.jpg, W_06993_90_hiphop_M.jpg","W_12116_80_bold_M.jpg, W_12119_80_bold_M.jpg, W_12126_80_bold_M.jpg, W_12128_80_bold_M.jpg","T_21986_70_hippie_M.jpg, T_21988_70_hippie_M.jpg",W_12128_80_bold_M.jpg
25630,T_21992_70_hippie_M.jpg,"T_21990_70_hippie_M.jpg, T_21991_70_hippie_M.jpg, W_16367_90_hiphop_M.jpg, W_16563_90_hiphop_M.jpg","T_21992_70_hippie_M.jpg, W_15244_80_bold_M.jpg",
25975,"T_21990_70_hippie_M.jpg, T_21992_70_hippie_M.jpg","T_21991_70_hippie_M.jpg, W_16068_80_bold_M.jpg, W_16131_80_bold_M.jpg, W_25024_90_hiphop_M.jpg",T_21992_70_hippie_M.jpg,W_16075_80_bold_M.jpg
31811,T_21990_70_hippie_M.jpg,"T_21991_70_hippie_M.jpg, T_21992_70_hippie_M.jpg, W_12345_80_bold_M.jpg, W_12511_80_bold_M.jpg, W_12521_90_hiphop_M.jpg",,"T_21992_70_hippie_M.jpg, W_12530_90_hiphop_M.jpg"
67801,W_07021_90_hiphop_M.jpg,"T_21990_70_hippie_M.jpg, T_21991_70_hippie_M.jpg, T_21992_70_hippie_M.jpg, W_06691_10_sportivecasual_M.jpg, W_07013_90_hiphop_M.jpg, W_12130_80_bold_M.jpg",,T_21992_70_hippie_M.jpg
35443,,"W_00004_50_ivy_M.jpg, W_15576_70_hippie_M.jpg, W_26413_00_metrosexual_M.jpg, W_57822_90_hiphop_M.jpg",,W_00004_50_ivy_M.jpg
49214,"W_00004_50_ivy_M.jpg, W_02754_70_hippie_M.jpg, W_02816_60_mods_M.jpg, W_15681_80_bold_M.jpg, W_26584_50_ivy_M.jpg","W_07380_19_normcore_M.jpg, W_15235_80_bold_M.jpg, W_17245_70_hippie_M.jpg, W_23937_50_ivy_M.jpg, W_24728_60_mods_M.jpg, W_25885_10_sportivecasual_M.jpg","W_00004_50_ivy_M.jpg, W_02816_60_mods_M.jpg, W_15319_50_ivy_M.jpg",
60184,"W_00004_50_ivy_M.jpg, W_00924_19_normcore_M.jpg, W_01687_19_normcore_M.jpg, W_06165_19_normcore_M.jpg, W_06294_19_normcore_M.jpg, W_17348_50_ivy_M.jpg, W_17427_00_metrosexual_M.jpg, W_24361_60_mods_M.jpg, W_27765_60_mods_M.jpg, W_28722_10_sportivecasual_M.jpg, W_29661_90_hiphop_M.jpg","W_04245_70_hippie_M.jpg, W_12095_80_bold_M.jpg, W_12453_10_sportivecasual_M.jpg, W_12744_50_ivy_M.jpg, W_15504_70_hippie_M.jpg, W_16016_70_hippie_M.jpg, W_17185_50_ivy_M.jpg, W_17757_19_normcore_M.jpg, W_17900_00_metrosexual_M.jpg, W_17908_10_sportivecasual_M.jpg, W_21549_90_hiphop_M.jpg, W_24367_80_bold_M.jpg, W_24590_60_mods_M.jpg, W_24985_90_hiphop_M.jpg, W_25030_70_hippie_M.jpg, W_25342_00_metrosexual_M.jpg, W_25371_60_mods_M.jpg, W_25587_10_sportivecasual_M.jpg, W_25629_80_bold_M.jpg, W_25810_19_normcore_M.jpg, W_26175_50_ivy_M.jpg, W_27000_00_metrosexual_M.jpg, W_27630_90_hiphop_M.jpg, W_27819_70_hippie_M.jpg, W_27913_00_metrosexual_M.jpg, W_28377_80_bold_M.jpg, W_29214_10_sportivecasual_M.jpg, W_29381_90_hiphop_M.jpg, W_30072_19_normcore_M.jpg, W_30292_60_mods_M.jpg, W_31662_70_hippie_M.jpg, W_32595_60_mods_M.jpg, W_40976_00_metrosexual_M.jpg","W_00004_50_ivy_M.jpg, W_27765_60_mods_M.jpg","W_04245_70_hippie_M.jpg, W_12453_10_sportivecasual_M.jpg, W_12744_50_ivy_M.jpg, W_19833_50_ivy_M.jpg, W_24590_60_mods_M.jpg, W_24696_80_bold_M.jpg, W_25761_90_hiphop_M.jpg, W_27819_70_hippie_M.jpg, W_29381_90_hiphop_M.jpg"
63739,"W_00004_50_ivy_M.jpg, W_03047_80_bold_M.jpg, W_07260_10_sportivecasual_M.jpg, W_15390_60_mods_M.jpg, W_15782_70_hippie_M.jpg","W_06909_50_ivy_M.jpg, W_11033_90_hiphop_M.jpg, W_13458_80_bold_M.jpg, W_16642_50_ivy_M.jpg","W_00004_50_ivy_M.jpg, W_03047_80_bold_M.jpg","W_05876_70_hippie_M.jpg, W_12518_90_hiphop_M.jpg"
64575,"W_00004_50_ivy_M.jpg, W_01706_90_hiphop_M.jpg, W_12902_70_hippie_M.jpg, W_16985_70_hippie_M.jpg, W_30476_80_bold_M.jpg, W_32445_60_mods_M.jpg, W_32687_60_mods_M.jpg","W_02726_00_metrosexual_M.jpg, W_15878_80_bold_M.jpg, W_27149_50_ivy_M.jpg, W_27850_50_ivy_M.jpg","W_00004_50_ivy_M.jpg, W_32445_60_mods_M.jpg","W_17304_70_hippie_M.jpg, W_27850_50_ivy_M.jpg"
65406,W_00004_50_ivy_M.jpg,,W_00004_50_ivy_M.jpg,
65667,W_00004_50_ivy_M.jpg,"W_20862_80_bold_M.jpg, W_58911_00_metrosexual_M.jpg",W_00004_50_ivy_M.jpg,
59411,"W_00007_60_mods_M.jpg, W_01780_00_metrosexual_M.jpg, W_06656_60_mods_M.jpg, W_15462_70_hippie_M.jpg","W_10796_50_ivy_M.jpg, W_11078_00_metrosexual_M.jpg, W_12327_80_bold_M.jpg, W_15093_50_ivy_M.jpg, W_15630_50_ivy_M.jpg, W_16832_60_mods_M.jpg, W_17754_80_bold_M.jpg",,W_16075_80_bold_M.jpg
59812,"W_00007_60_mods_M.jpg, W_00838_60_mods_M.jpg, W_04603_50_ivy_M.jpg, W_06671_90_hiphop_M.jpg, W_06672_10_sportivecasual_M.jpg, W_06777_10_sportivecasual_M.jpg, W_06874_90_hiphop_M.jpg, W_12228_80_bold_M.jpg, W_12723_10_sportivecasual_M.jpg, W_12828_50_ivy_M.jpg, W_15259_60_mods_M.jpg","W_01566_60_mods_M.jpg, W_01668_19_normcore_M.jpg, W_02967_10_sportivecasual_M.jpg, W_03044_19_normcore_M.jpg, W_04571_10_sportivecasual_M.jpg, W_05879_70_hippie_M.jpg, W_06759_90_hiphop_M.jpg, W_06822_19_normcore_M.jpg, W_06987_19_normcore_M.jpg, W_09273_90_hiphop_M.jpg, W_10065_60_mods_M.jpg, W_11085_19_normcore_M.jpg, W_12120_80_bold_M.jpg, W_12185_80_bold_M.jpg, W_12187_80_bold_M.jpg, W_12387_80_bold_M.jpg, W_12564_00_metrosexual_M.jpg, W_15192_00_metrosexual_M.jpg, W_15457_00_metrosexual_M.jpg, W_15479_50_ivy_M.jpg, W_15579_70_hippie_M.jpg, W_15912_90_hiphop_M.jpg, W_15924_19_normcore_M.jpg, W_16047_70_hippie_M.jpg, W_16630_50_ivy_M.jpg, W_16661_00_metrosexual_M.jpg, W_17251_50_ivy_M.jpg, W_17347_00_metrosexual_M.jpg, W_17648_80_bold_M.jpg, W_17706_70_hippie_M.jpg, W_17807_10_sportivecasual_M.jpg, W_17916_10_sportivecasual_M.jpg","W_06609_19_normcore_M.jpg, W_06874_90_hiphop_M.jpg","W_09278_70_hippie_M.jpg, W_12564_00_metrosexual_M.jpg, W_12746_00_metrosexual_M.jpg, W_12773_50_ivy_M.jpg, W_15192_00_metrosexual_M.jpg, W_15497_70_hippie_M.jpg, W_15508_60_mods_M.jpg, W_16047_70_hippie_M.jpg, W_16630_50_ivy_M.jpg, W_17347_00_metrosexual_M.jpg"
60029,"W_00007_60_mods_M.jpg, W_02741_50_ivy_M.jpg, W_15856_60_mods_M.jpg",W_15635_70_hippie_M.jpg,"W_09156_50_ivy_M.jpg, W_15856_60_mods_M.jpg",
60874,"W_00007_60_mods_M.jpg, W_06836_00_metrosexual_M.jpg, W_12683_10_sportivecasual_M.jpg, W_15129_50_ivy_M.jpg","W_06617_90_hiphop_M.jpg, W_11045_70_hippie_M.jpg, W_12312_80_bold_M.jpg, W_15517_70_hippie_M.jpg, W_15884_80_bold_M.jpg, W_16014_70_hippie_M.jpg, W_16312_10_sportivecasual_M.jpg, W_17499_70_hippie_M.jpg, W_17962_50_ivy_M.jpg",,"W_04349_00_metrosexual_M.jpg, W_09877_50_ivy_M.jpg, W_12312_80_bold_M.jpg, W_17787_50_ivy_M.jpg"
63913,"W_00007_60_mods_M.jpg, W_00543_19_normcore_M.jpg, W_00553_10_sportivecasual_M.jpg, W_01477_10_sportivecasual_M.jpg, W_01526_60_mods_M.jpg, W_01792_00_metrosexual_M.jpg, W_03043_19_normcore_M.jpg, W_04307_60_mods_M.jpg, W_04409_00_metrosexual_M.jpg, W_04519_10_sportivecasual_M.jpg, W_04741_90_hiphop_M.jpg, W_04759_90_hiphop_M.jpg, W_06573_60_mods_M.jpg, W_06883_60_mods_M.jpg, W_06909_50_ivy_M.jpg, W_07066_10_sportivecasual_M.jpg, W_07150_70_hippie_M.jpg, W_07255_50_ivy_M.jpg, W_09262_19_normcore_M.jpg, W_10082_50_ivy_M.jpg, W_15251_60_mods_M.jpg","W_04212_50_ivy_M.jpg, W_06249_70_hippie_M.jpg, W_09777_90_hiphop_M.jpg, W_10066_50_ivy_M.jpg, W_12307_50_ivy_M.jpg, W_12481_00_metrosexual_M.jpg, W_12650_90_hiphop_M.jpg, W_12732_90_hiphop_M.jpg, W_15439_80_bold_M.jpg, W_15624_70_hippie_M.jpg, W_15780_70_hippie_M.jpg, W_15843_00_metrosexual_M.jpg, W_15947_80_bold_M.jpg, W_16121_80_bold_M.jpg, W_16401_00_metrosexual_M.jpg, W_16444_10_sportivecasual_M.jpg, W_17009_19_normcore_M.jpg, W_17332_19_normcore_M.jpg, W_17526_70_hippie_M.jpg, W_17853_10_sportivecasual_M.jpg, W_17957_80_bold_M.jpg","W_01552_19_normcore_M.jpg, W_06883_60_mods_M.jpg, W_17239_19_normcore_M.jpg","W_04212_50_ivy_M.jpg, W_05876_70_hippie_M.jpg, W_09777_90_hiphop_M.jpg, W_10066_50_ivy_M.jpg, W_12524_00_metrosexual_M.jpg, W_15843_00_metrosexual_M.jpg, W_15947_80_bold_M.jpg, W_16121_80_bold_M.jpg, W_16444_10_sportivecasual_M.jpg, W_16960_19_normcore_M.jpg, W_17655_80_bold_M.jpg"
67023,,"W_00007_60_mods_M.jpg, W_17310_70_hippie_M.jpg, W_26631_80_bold_M.jpg",,W_17310_70_hippie_M.jpg
52635,W_00017_60_mods_M.jpg,"W_02696_60_mods_M.jpg, W_09796_60_mods_M.jpg, W_24413_70_hippie_M.jpg",,
59901,"W_00017_60_mods_M.jpg, W_04649_10_sportivecasual_M.jpg, W_07277_60_mods_M.jpg, W_12821_50_ivy_M.jpg, W_15129_50_ivy_M.jpg","W_10796_50_ivy_M.jpg, W_15404_50_ivy_M.jpg, W_16903_60_mods_M.jpg, W_17454_80_bold_M.jpg","W_05868_50_ivy_M.jpg, W_06190_60_mods_M.jpg","W_04396_90_hiphop_M.jpg, W_15404_50_ivy_M.jpg"
64054,"W_00017_60_mods_M.jpg, W_00517_70_hippie_M.jpg, W_06148_50_ivy_M.jpg, W_10823_50_ivy_M.jpg, W_17010_10_sportivecasual_M.jpg, W_17902_70_hippie_M.jpg","W_00822_90_hiphop_M.jpg, W_02755_90_hiphop_M.jpg, W_11063_00_metrosexual_M.jpg, W_12708_50_ivy_M.jpg, W_15376_60_mods_M.jpg, W_16681_70_hippie_M.jpg","W_06148_50_ivy_M.jpg, W_10823_50_ivy_M.jpg",W_12708_50_ivy_M.jpg
64287,"W_00017_60_mods_M.jpg, W_02818_60_mods_M.jpg, W_28177_70_hippie_M.jpg, W_30522_00_metrosexual_M.jpg","W_10135_50_ivy_M.jpg, W_12610_00_metrosexual_M.jpg, W_15342_80_bold_M.jpg, W_15769_00_metrosexual_M.jpg, W_16243_60_mods_M.jpg",,
64571,"W_00017_60_mods_M.jpg, W_00071_50_ivy_M.jpg, W_00794_19_normcore_M.jpg, W_04514_70_hippie_M.jpg, W_12547_90_hiphop_M.jpg, W_23848_50_ivy_M.jpg, W_24102_60_mods_M.jpg, W_35801_80_bold_M.jpg","W_00891_70_hippie_M.jpg, W_07026_10_sportivecasual_M.jpg, W_11145_00_metrosexual_M.jpg, W_12459_50_ivy_M.jpg, W_12490_90_hiphop_M.jpg, W_15261_00_metrosexual_M.jpg, W_15448_70_hippie_M.jpg, W_16243_60_mods_M.jpg, W_16985_70_hippie_M.jpg, W_17738_80_bold_M.jpg, W_18424_80_bold_M.jpg, W_23995_19_normcore_M.jpg, W_24038_60_mods_M.jpg, W_24059_50_ivy_M.jpg, W_24149_19_normcore_M.jpg, W_24180_60_mods_M.jpg, W_24295_00_metrosexual_M.jpg, W_24309_50_ivy_M.jpg, W_24698_00_metrosexual_M.jpg, W_25045_70_hippie_M.jpg, W_25128_19_normcore_M.jpg, W_25406_00_metrosexual_M.jpg, W_25869_90_hiphop_M.jpg, W_25909_10_sportivecasual_M.jpg, W_26214_10_sportivecasual_M.jpg, W_26965_90_hiphop_M.jpg, W_27318_80_bold_M.jpg, W_27890_70_hippie_M.jpg, W_28585_10_sportivecasual_M.jpg, W_29383_10_sportivecasual_M.jpg, W_30112_50_ivy_M.jpg, W_31502_19_normcore_M.jpg, W_31990_80_bold_M.jpg, W_32233_00_metrosexual_M.jpg, W_32445_60_mods_M.jpg, W_32797_90_hiphop_M.jpg, W_32860_80_bold_M.jpg","W_23848_50_ivy_M.jpg, W_24102_60_mods_M.jpg","W_07026_10_sportivecasual_M.jpg, W_17738_80_bold_M.jpg, W_24947_90_hiphop_M.jpg, W_25406_00_metrosexual_M.jpg, W_25909_10_sportivecasual_M.jpg, W_26965_90_hiphop_M.jpg, W_30223_19_normcore_M.jpg, W_32233_00_metrosexual_M.jpg, W_32445_60_mods_M.jpg"
66239,"W_00017_60_mods_M.jpg, W_15308_60_mods_M.jpg",,,
12826,"W_00023_60_mods_M.jpg, W_09180_10_sportivecasual_M.jpg, W_16541_50_ivy_M.jpg","W_12336_80_bold_M.jpg, W_15125_50_ivy_M.jpg, W_15900_90_hiphop_M.jpg, W_16715_00_metrosexual_M.jpg","W_04670_10_sportivecasual_M.jpg, W_15244_80_bold_M.jpg, W_16541_50_ivy_M.jpg",
17349,"W_00023_60_mods_M.jpg, W_01520_50_ivy_M.jpg, W_07099_50_ivy_M.jpg, W_15359_50_ivy_M.jpg, W_16352_00_metrosexual_M.jpg","W_15259_60_mods_M.jpg, W_15441_00_metrosexual_M.jpg, W_16150_50_ivy_M.jpg, W_16281_70_hippie_M.jpg, W_16299_10_sportivecasual_M.jpg","W_07099_50_ivy_M.jpg, W_07238_90_hiphop_M.jpg","W_10783_50_ivy_M.jpg, W_16281_70_hippie_M.jpg"
27779,"W_00023_60_mods_M.jpg, W_00951_70_hippie_M.jpg, W_02693_70_hippie_M.jpg, W_10098_50_ivy_M.jpg","W_12328_80_bold_M.jpg, W_15395_50_ivy_M.jpg, W_15716_90_hiphop_M.jpg, W_16085_80_bold_M.jpg, W_19586_70_hippie_M.jpg",,"W_06214_90_hiphop_M.jpg, W_12615_50_ivy_M.jpg, W_15716_90_hiphop_M.jpg"
51343,,"W_00023_60_mods_M.jpg, W_02846_70_hippie_M.jpg, W_09157_60_mods_M.jpg, W_17526_70_hippie_M.jpg",,W_10844_60_mods_M.jpg
63405,"W_00023_60_mods_M.jpg, W_00555_50_ivy_M.jpg, W_01670_10_sportivecasual_M.jpg, W_01853_60_mods_M.jpg, W_02890_19_normcore_M.jpg, W_02931_00_metrosexual_M.jpg, W_04206_60_mods_M.jpg, W_04522_50_ivy_M.jpg, W_04684_90_hiphop_M.jpg, W_06682_00_metrosexual_M.jpg, W_06785_50_ivy_M.jpg, W_06812_50_ivy_M.jpg, W_07021_90_hiphop_M.jpg, W_07198_10_sportivecasual_M.jpg, W_12551_19_normcore_M.jpg, W_12814_19_normcore_M.jpg, W_15294_50_ivy_M.jpg, W_15400_60_mods_M.jpg, W_16084_80_bold_M.jpg, W_17510_19_normcore_M.jpg, W_17849_00_metrosexual_M.jpg, W_17909_60_mods_M.jpg","W_00530_10_sportivecasual_M.jpg, W_02714_00_metrosexual_M.jpg, W_06691_10_sportivecasual_M.jpg, W_12383_80_bold_M.jpg, W_12443_90_hiphop_M.jpg, W_12456_10_sportivecasual_M.jpg, W_12904_50_ivy_M.jpg, W_15134_80_bold_M.jpg, W_15140_80_bold_M.jpg, W_15471_10_sportivecasual_M.jpg, W_15472_70_hippie_M.jpg, W_15517_70_hippie_M.jpg, W_15782_70_hippie_M.jpg, W_16501_70_hippie_M.jpg, W_16736_00_metrosexual_M.jpg, W_16755_00_metrosexual_M.jpg, W_16919_19_normcore_M.jpg, W_17108_19_normcore_M.jpg, W_17219_70_hippie_M.jpg, W_17443_90_hiphop_M.jpg, W_17454_80_bold_M.jpg, W_17599_19_normcore_M.jpg","W_01853_60_mods_M.jpg, W_02677_60_mods_M.jpg, W_02879_90_hiphop_M.jpg, W_04522_50_ivy_M.jpg, W_04684_90_hiphop_M.jpg, W_06860_19_normcore_M.jpg, W_15294_50_ivy_M.jpg","W_07187_70_hippie_M.jpg, W_12304_80_bold_M.jpg, W_12904_50_ivy_M.jpg, W_15140_80_bold_M.jpg, W_16501_70_hippie_M.jpg, W_16755_00_metrosexual_M.jpg, W_17443_90_hiphop_M.jpg"
67120,,"W_00023_60_mods_M.jpg, W_04408_60_mods_M.jpg, W_04526_00_metrosexual_M.jpg, W_09770_60_mods_M.jpg, W_15334_90_hiphop_M.jpg",,
59704,"W_00489_60_mods_M.jpg, W_00803_50_ivy_M.jpg, W_01549_50_ivy_M.jpg, W_01571_10_sportivecasual_M.jpg, W_01576_19_normcore_M.jpg, W_01853_60_mods_M.jpg, W_02728_60_mods_M.jpg, W_04335_19_normcore_M.jpg, W_04555_00_metrosexual_M.jpg, W_04636_50_ivy_M.jpg, W_06558_60_mods_M.jpg, W_06709_19_normcore_M.jpg, W_07211_00_metrosexual_M.jpg, W_10058_60_mods_M.jpg, W_10071_80_bold_M.jpg, W_12092_80_bold_M.jpg, W_12170_80_bold_M.jpg, W_16219_70_hippie_M.jpg, W_17303_70_hippie_M.jpg","W_00026_10_sportivecasual_M.jpg, W_00517_70_hippie_M.jpg, W_04398_19_normcore_M.jpg, W_04475_19_normcore_M.jpg, W_04482_10_sportivecasual_M.jpg, W_04573_10_sportivecasual_M.jpg, W_04745_90_hiphop_M.jpg, W_06926_90_hiphop_M.jpg, W_11141_19_normcore_M.jpg, W_12476_90_hiphop_M.jpg, W_12581_70_hippie_M.jpg, W_12658_00_metrosexual_M.jpg, W_12821_50_ivy_M.jpg, W_12881_90_hiphop_M.jpg, W_15120_60_mods_M.jpg, W_15593_70_hippie_M.jpg, W_15595_00_metrosexual_M.jpg, W_15732_00_metrosexual_M.jpg, W_15815_70_hippie_M.jpg, W_16397_10_sportivecasual_M.jpg, W_16676_90_hiphop_M.jpg, W_16694_00_metrosexual_M.jpg, W_17017_10_sportivecasual_M.jpg, W_17418_19_normcore_M.jpg, W_17543_80_bold_M.jpg, W_17741_80_bold_M.jpg","W_01549_50_ivy_M.jpg, W_01853_60_mods_M.jpg, W_02728_60_mods_M.jpg, W_04636_50_ivy_M.jpg, W_12092_80_bold_M.jpg, W_15244_80_bold_M.jpg, W_16219_70_hippie_M.jpg","W_06875_90_hiphop_M.jpg, W_12476_90_hiphop_M.jpg, W_15120_60_mods_M.jpg, W_17697_50_ivy_M.jpg, W_19833_50_ivy_M.jpg"
63699,"W_00028_50_ivy_M.jpg, W_00489_60_mods_M.jpg, W_00947_10_sportivecasual_M.jpg, W_02999_10_sportivecasual_M.jpg, W_04268_70_hippie_M.jpg, W_09154_50_ivy_M.jpg, W_15359_50_ivy_M.jpg","W_00026_10_sportivecasual_M.jpg, W_02699_60_mods_M.jpg, W_12233_80_bold_M.jpg, W_15342_80_bold_M.jpg, W_15783_70_hippie_M.jpg, W_17443_90_hiphop_M.jpg, W_17461_19_normcore_M.jpg","W_00028_50_ivy_M.jpg, W_04268_70_hippie_M.jpg, W_09154_50_ivy_M.jpg","W_02837_00_metrosexual_M.jpg, W_17443_90_hiphop_M.jpg"
63949,"W_00489_60_mods_M.jpg, W_06511_50_ivy_M.jpg, W_06551_60_mods_M.jpg, W_12628_50_ivy_M.jpg, W_16203_90_hiphop_M.jpg, W_16445_50_ivy_M.jpg","W_00026_10_sportivecasual_M.jpg, W_01743_00_metrosexual_M.jpg, W_12548_70_hippie_M.jpg, W_15623_70_hippie_M.jpg, W_15795_70_hippie_M.jpg, W_16264_80_bold_M.jpg",W_06551_60_mods_M.jpg,
15251,"W_00027_50_ivy_M.jpg, W_06557_60_mods_M.jpg, W_06633_50_ivy_M.jpg, W_06688_60_mods_M.jpg, W_11011_80_bold_M.jpg, W_12663_10_sportivecasual_M.jpg, W_12695_50_ivy_M.jpg, W_15740_70_hippie_M.jpg, W_15823_90_hiphop_M.jpg, W_16289_80_bold_M.jpg","W_00088_10_sportivecasual_M.jpg, W_10125_70_hippie_M.jpg, W_15794_90_hiphop_M.jpg, W_16348_90_hiphop_M.jpg","W_06557_60_mods_M.jpg, W_15740_70_hippie_M.jpg, W_16732_70_hippie_M.jpg, W_17841_80_bold_M.jpg",W_10125_70_hippie_M.jpg
51149,"W_00027_50_ivy_M.jpg, W_06636_50_ivy_M.jpg, W_12569_50_ivy_M.jpg, W_24573_00_metrosexual_M.jpg","W_15545_70_hippie_M.jpg, W_25082_70_hippie_M.jpg, W_25280_90_hiphop_M.jpg, W_25819_10_sportivecasual_M.jpg",W_24573_00_metrosexual_M.jpg,
62155,"W_00027_50_ivy_M.jpg, W_01490_60_mods_M.jpg, W_01540_19_normcore_M.jpg, W_04308_50_ivy_M.jpg, W_15103_60_mods_M.jpg, W_24167_80_bold_M.jpg, W_25526_60_mods_M.jpg, W_27854_50_ivy_M.jpg, W_31063_19_normcore_M.jpg, W_32012_19_normcore_M.jpg, W_32860_80_bold_M.jpg","W_00492_50_ivy_M.jpg, W_01509_00_metrosexual_M.jpg, W_01726_60_mods_M.jpg, W_06186_60_mods_M.jpg, W_06933_90_hiphop_M.jpg, W_12189_60_mods_M.jpg, W_12265_00_metrosexual_M.jpg, W_15119_00_metrosexual_M.jpg, W_15600_70_hippie_M.jpg, W_15666_90_hiphop_M.jpg, W_15749_00_metrosexual_M.jpg, W_16615_90_hiphop_M.jpg, W_17017_10_sportivecasual_M.jpg, W_17328_90_hiphop_M.jpg, W_17353_50_ivy_M.jpg, W_17451_19_normcore_M.jpg, W_17513_19_normcore_M.jpg, W_23876_19_normcore_M.jpg, W_24491_70_hippie_M.jpg, W_24492_70_hippie_M.jpg, W_24515_70_hippie_M.jpg, W_24569_70_hippie_M.jpg, W_24880_00_metrosexual_M.jpg, W_24939_80_bold_M.jpg, W_25094_70_hippie_M.jpg, W_25208_10_sportivecasual_M.jpg, W_25360_80_bold_M.jpg, W_25885_10_sportivecasual_M.jpg, W_28203_10_sportivecasual_M.jpg, W_29171_90_hiphop_M.jpg, W_29598_80_bold_M.jpg, W_29830_90_hiphop_M.jpg, W_32383_00_metrosexual_M.jpg, W_33113_19_normcore_M.jpg","W_00804_50_ivy_M.jpg, W_17004_10_sportivecasual_M.jpg, W_27854_50_ivy_M.jpg","W_00492_50_ivy_M.jpg, W_06186_60_mods_M.jpg, W_17353_50_ivy_M.jpg, W_26120_19_normcore_M.jpg, W_27773_80_bold_M.jpg, W_28203_10_sportivecasual_M.jpg, W_32383_00_metrosexual_M.jpg"
62920,"W_15096_80_bold_M.jpg, W_15129_50_ivy_M.jpg, W_24037_60_mods_M.jpg, W_24958_90_hiphop_M.jpg, W_25999_10_sportivecasual_M.jpg","W_00027_50_ivy_M.jpg, W_00493_50_ivy_M.jpg, W_02740_50_ivy_M.jpg, W_04761_70_hippie_M.jpg, W_06686_70_hippie_M.jpg",,
63109,"W_00027_50_ivy_M.jpg, W_10073_70_hippie_M.jpg","W_09281_70_hippie_M.jpg, W_12793_50_ivy_M.jpg, W_15312_60_mods_M.jpg, W_15565_70_hippie_M.jpg","W_00012_50_ivy_M.jpg, W_10073_70_hippie_M.jpg",W_09889_10_sportivecasual_M.jpg
64035,"W_00027_50_ivy_M.jpg, W_01539_60_mods_M.jpg, W_01550_60_mods_M.jpg, W_06755_00_metrosexual_M.jpg, W_06843_60_mods_M.jpg, W_07023_19_normcore_M.jpg, W_15083_50_ivy_M.jpg, W_17384_50_ivy_M.jpg","W_04308_50_ivy_M.jpg, W_09772_70_hippie_M.jpg, W_10111_60_mods_M.jpg, W_11045_70_hippie_M.jpg, W_13458_80_bold_M.jpg",,
64321,"W_02769_90_hiphop_M.jpg, W_17221_70_hippie_M.jpg, W_24109_60_mods_M.jpg, W_29169_10_sportivecasual_M.jpg, W_36967_10_sportivecasual_M.jpg","W_00027_50_ivy_M.jpg, W_00031_50_ivy_M.jpg, W_10090_19_normcore_M.jpg, W_16757_00_metrosexual_M.jpg, W_24832_80_bold_M.jpg","W_17221_70_hippie_M.jpg, W_24109_60_mods_M.jpg",
837,"W_00028_50_ivy_M.jpg, W_00829_10_sportivecasual_M.jpg, W_01520_50_ivy_M.jpg, W_01568_19_normcore_M.jpg, W_01706_90_hiphop_M.jpg, W_01818_60_mods_M.jpg, W_02699_60_mods_M.jpg, W_02897_90_hiphop_M.jpg, W_02944_00_metrosexual_M.jpg, W_04601_50_ivy_M.jpg, W_09157_60_mods_M.jpg, W_12821_50_ivy_M.jpg, W_12900_60_mods_M.jpg, W_17010_10_sportivecasual_M.jpg, W_17305_70_hippie_M.jpg, W_24020_60_mods_M.jpg, W_24764_80_bold_M.jpg, W_25073_90_hiphop_M.jpg, W_28209_10_sportivecasual_M.jpg, W_28211_19_normcore_M.jpg, W_28722_10_sportivecasual_M.jpg, W_29169_10_sportivecasual_M.jpg, W_29178_90_hiphop_M.jpg, W_31397_19_normcore_M.jpg, W_32443_70_hippie_M.jpg","W_07130_19_normcore_M.jpg, W_11107_19_normcore_M.jpg, W_12610_00_metrosexual_M.jpg, W_12695_50_ivy_M.jpg, W_15083_50_ivy_M.jpg, W_15661_70_hippie_M.jpg, W_16659_00_metrosexual_M.jpg, W_17524_00_metrosexual_M.jpg, W_24381_70_hippie_M.jpg, W_24413_70_hippie_M.jpg, W_24549_00_metrosexual_M.jpg, W_24605_80_bold_M.jpg, W_24845_80_bold_M.jpg, W_25777_00_metrosexual_M.jpg, W_27700_70_hippie_M.jpg, W_27782_90_hiphop_M.jpg, W_29832_80_bold_M.jpg, W_29838_10_sportivecasual_M.jpg, W_32173_19_normcore_M.jpg, W_32287_80_bold_M.jpg, W_33271_10_sportivecasual_M.jpg","W_00028_50_ivy_M.jpg, W_00829_10_sportivecasual_M.jpg, W_06590_90_hiphop_M.jpg, W_10104_60_mods_M.jpg, W_17305_70_hippie_M.jpg","W_12154_80_bold_M.jpg, W_15661_70_hippie_M.jpg, W_27700_70_hippie_M.jpg, W_31439_19_normcore_M.jpg"
23831,"W_00028_50_ivy_M.jpg, W_00951_70_hippie_M.jpg, W_03033_60_mods_M.jpg, W_06550_50_ivy_M.jpg, W_06763_00_metrosexual_M.jpg, W_07139_10_sportivecasual_M.jpg, W_17576_60_mods_M.jpg","W_06629_90_hiphop_M.jpg, W_09777_90_hiphop_M.jpg, W_12302_50_ivy_M.jpg, W_12613_70_hippie_M.jpg, W_12874_60_mods_M.jpg, W_16085_80_bold_M.jpg, W_16677_70_hippie_M.jpg","W_00028_50_ivy_M.jpg, W_12789_00_metrosexual_M.jpg",W_09777_90_hiphop_M.jpg
25446,"W_00028_50_ivy_M.jpg, W_00866_90_hiphop_M.jpg, W_01462_90_hiphop_M.jpg, W_02681_60_mods_M.jpg, W_10817_60_mods_M.jpg, W_10823_50_ivy_M.jpg, W_12862_60_mods_M.jpg, W_15586_70_hippie_M.jpg, W_15967_80_bold_M.jpg, W_17052_10_sportivecasual_M.jpg, W_17378_80_bold_M.jpg","W_12095_80_bold_M.jpg, W_12214_70_hippie_M.jpg, W_15565_70_hippie_M.jpg","W_00028_50_ivy_M.jpg, W_10823_50_ivy_M.jpg, W_12260_80_bold_M.jpg","W_12214_70_hippie_M.jpg, W_16747_00_metrosexual_M.jpg"
62820,"W_04377_10_sportivecasual_M.jpg, W_15472_70_hippie_M.jpg, W_17939_80_bold_M.jpg","W_00028_50_ivy_M.jpg, W_10060_50_ivy_M.jpg, W_15279_80_bold_M.jpg, W_17333_19_normcore_M.jpg, W_17604_80_bold_M.jpg",,"W_00028_50_ivy_M.jpg, W_17333_19_normcore_M.jpg"
64345,"W_00028_50_ivy_M.jpg, W_00843_10_sportivecasual_M.jpg, W_12479_50_ivy_M.jpg, W_15295_60_mods_M.jpg, W_15856_60_mods_M.jpg, W_16839_19_normcore_M.jpg, W_17467_19_normcore_M.jpg, W_17650_60_mods_M.jpg, W_23964_60_mods_M.jpg, W_24016_50_ivy_M.jpg, W_24155_60_mods_M.jpg, W_24296_00_metrosexual_M.jpg, W_24506_00_metrosexual_M.jpg, W_24773_80_bold_M.jpg, W_24774_80_bold_M.jpg, W_25268_19_normcore_M.jpg, W_26178_19_normcore_M.jpg, W_27156_90_hiphop_M.jpg, W_28449_10_sportivecasual_M.jpg, W_29596_10_sportivecasual_M.jpg, W_29947_19_normcore_M.jpg, W_32150_00_metrosexual_M.jpg","W_06211_10_sportivecasual_M.jpg, W_06570_70_hippie_M.jpg, W_11105_00_metrosexual_M.jpg, W_12082_80_bold_M.jpg, W_15645_70_hippie_M.jpg, W_16170_70_hippie_M.jpg, W_16367_90_hiphop_M.jpg, W_24325_60_mods_M.jpg, W_24352_70_hippie_M.jpg, W_24474_70_hippie_M.jpg, W_24825_80_bold_M.jpg, W_24846_80_bold_M.jpg, W_24923_00_metrosexual_M.jpg, W_25270_19_normcore_M.jpg, W_25655_10_sportivecasual_M.jpg, W_25884_90_hiphop_M.jpg, W_26461_19_normcore_M.jpg, W_27563_90_hiphop_M.jpg, W_28237_90_hiphop_M.jpg, W_28646_90_hiphop_M.jpg, W_28652_10_sportivecasual_M.jpg, W_28759_80_bold_M.jpg, W_32604_50_ivy_M.jpg","W_00028_50_ivy_M.jpg, W_12847_19_normcore_M.jpg, W_15295_60_mods_M.jpg, W_15856_60_mods_M.jpg, W_23964_60_mods_M.jpg, W_28022_50_ivy_M.jpg","W_12730_00_metrosexual_M.jpg, W_24923_00_metrosexual_M.jpg, W_25884_90_hiphop_M.jpg, W_30593_50_ivy_M.jpg, W_34080_70_hippie_M.jpg"
64472,"W_00028_50_ivy_M.jpg, W_02696_60_mods_M.jpg","W_04307_60_mods_M.jpg, W_04408_60_mods_M.jpg, W_12328_80_bold_M.jpg, W_16029_80_bold_M.jpg, W_29067_70_hippie_M.jpg","W_00028_50_ivy_M.jpg, W_00804_50_ivy_M.jpg, W_33329_50_ivy_M.jpg",W_16375_80_bold_M.jpg
